﻿<?xml version="1.0" encoding="utf-8"?>
<publishData>
  <publishProfile publishUrl="C:\Sites\Compiled\Veritas 4-4-2011 b" deleteExistingFiles="False" ftpAnonymousLogin="False" ftpPassiveMode="True" msdeploySite="" msdeploySiteID="" msdeployRemoteSitePhysicalPath="" msdeployAllowUntrustedCertificate="False" msdeploySkipExtraFilesOnServer="True" msdeployMarkAsApp="False" profileName="Profile1" publishMethod="FileSystem" replaceMatchingFiles="True" userName="" savePWD="False" userPWD="" SelectedForPublish="True">
    <file relUrl="Views/UserControls/UcLogOn.ascx" publishTime="03/06/2011 21:28:13" />
    <file relUrl="Views/Admin/Settings/FeedbackEdit.aspx" publishTime="03/29/2011 23:13:06" />
    <file relUrl="Scripts/highslide/highslide-with-html.min.js" publishTime="07/07/2010 15:41:12" />
    <file relUrl="Scripts/highslide/highslide-ie6.css" publishTime="07/23/2010 08:50:04" />
    <file relUrl="Views/Shared/Site.Master" publishTime="03/26/2011 15:30:05" />
    <file relUrl="Views/Admin/Settings/SecurityEdit.aspx" publishTime="03/29/2011 23:13:06" />
    <file relUrl="Scripts/MicrosoftAjax.js" publishTime="06/16/2010 13:00:38" />
    <file relUrl="Views/Home/Message.aspx" publishTime="02/28/2011 22:48:19" />
    <file relUrl="Scripts/highslide/graphics/outlines/rounded-white.png" publishTime="10/20/2008 09:09:30" />
    <file relUrl="bin/Joel.Net.Akismet.pdb" publishTime="11/09/2008 21:53:50" />
    <file relUrl="bin/System.Web.Mvc.dll" publishTime="02/17/2010 07:24:14" />
    <file relUrl="Scripts/highslide/highslide-with-gallery.packed.js" publishTime="07/07/2010 15:41:08" />
    <file relUrl="Views/Shared/404.aspx" publishTime="02/02/2011 19:44:11" />
    <file relUrl="Views/Admin/Settings/SpamEdit.aspx" publishTime="03/29/2011 23:13:06" />
    <file relUrl="Scripts/highslide/graphics/fullexpand.gif" publishTime="11/22/2007 11:22:28" />
    <file relUrl="Scripts/MicrosoftMvcValidation.debug.js" publishTime="06/16/2010 13:00:38" />
    <file relUrl="Views/Home/Upload.aspx" publishTime="03/24/2011 23:54:08" />
    <file relUrl="Views/Admin/LogOn.aspx" publishTime="03/21/2011 21:41:55" />
    <file relUrl="bin/Joel.Net.Akismet.dll" publishTime="11/09/2008 21:53:50" />
    <file relUrl="Web.config" publishTime="04/04/2011 20:48:14" />
    <file relUrl="Views/Shared/Forum.Master" publishTime="02/08/2011 20:01:50" />
    <file relUrl="bin/Veritas.DataLayer.dll" publishTime="04/03/2011 20:57:50" />
    <file relUrl="Views/UserControls/UcSideBar.ascx" publishTime="04/03/2011 23:54:20" />
    <file relUrl="Scripts/MicrosoftMvcAjax.js" publishTime="06/16/2010 13:00:38" />
    <file relUrl="Views/Blog/Archive.aspx" publishTime="03/01/2011 23:12:17" />
    <file relUrl="Scripts/highslide/graphics/controlbar2.gif" publishTime="11/16/2006 21:52:58" />
    <file relUrl="Scripts/highslide/graphics/icon.gif" publishTime="07/31/2008 12:26:36" />
    <file relUrl="Views/Admin/Uploads/Index.aspx" publishTime="03/26/2011 15:01:01" />
    <file relUrl="bin/Veritas.UI.Web.dll" publishTime="04/04/2011 21:02:40" />
    <file relUrl="Scripts/highslide/highslide-with-html.js" publishTime="07/07/2010 15:41:10" />
    <file relUrl="Content/admin.css" publishTime="03/29/2011 21:41:26" />
    <file relUrl="Views/Home/About.aspx" publishTime="02/13/2011 21:04:23" />
    <file relUrl="bin/System.Web.Routing.dll" publishTime="03/18/2010 19:31:26" />
    <file relUrl="Views/Shared/Admin.Master" publishTime="04/03/2011 20:39:33" />
    <file relUrl="Views/Admin/Settings/GeneralEdit.aspx" publishTime="03/29/2011 23:13:06" />
    <file relUrl="Scripts/highslide/highslide.packed.js" publishTime="07/07/2010 15:41:02" />
    <file relUrl="Scripts/highslide/graphics/controlbar4.gif" publishTime="06/22/2007 01:00:00" />
    <file relUrl="Views/UserControls/UcAdminSettingsMenu.ascx" publishTime="03/29/2011 21:38:22" />
    <file relUrl="Scripts/highslide/highslide.js" publishTime="07/07/2010 15:41:02" />
    <file relUrl="Scripts/highslide/highslide-with-gallery.min.js" publishTime="07/07/2010 15:41:10" />
    <file relUrl="Scripts/highslide/graphics/scrollarrows.png" publishTime="02/25/2009 21:01:10" />
    <file relUrl="Views/UserControls/UcFeedback.ascx" publishTime="02/21/2011 21:20:04" />
    <file relUrl="Scripts/highslide/graphics/outlines/outer-glow.png" publishTime="10/20/2008 09:09:30" />
    <file relUrl="Scripts/jquery-1.4.1.min.js" publishTime="06/16/2010 13:00:37" />
    <file relUrl="Views/Admin/Feedbacks/Edit.aspx" publishTime="03/27/2011 20:25:24" />
    <file relUrl="Scripts/highslide/graphics/outlines/drop-shadow.png" publishTime="10/20/2008 09:09:30" />
    <file relUrl="Views/Blog/Category.aspx" publishTime="02/26/2011 23:24:13" />
    <file relUrl="Scripts/jquery-1.4.1.js" publishTime="06/16/2010 13:00:37" />
    <file relUrl="Views/UserControls/UcTagCloud.ascx" publishTime="02/13/2011 17:31:11" />
    <file relUrl="Views/Admin/Settings/LoggingEdit.aspx" publishTime="03/29/2011 23:13:06" />
    <file relUrl="Views/Admin/Pages/Index.aspx" publishTime="03/27/2011 20:11:41" />
    <file relUrl="Content/media/feed.png" publishTime="07/06/2008 17:56:15" />
    <file relUrl="Scripts/highslide/graphics/controlbar4-hover.gif" publishTime="04/01/2007 23:18:12" />
    <file relUrl="bin/Veritas.BusinessLayer.dll" publishTime="04/04/2011 20:21:50" />
    <file relUrl="prod.web.config" publishTime="04/04/2011 20:22:46" />
    <file relUrl="Scripts/highslide/graphics/controlbar3.gif" publishTime="12/17/2006 01:40:28" />
    <file relUrl="Views/Admin/Users/Edit.aspx" publishTime="04/03/2011 22:12:07" />
    <file relUrl="Views/UserControls/UcTopBar.ascx" publishTime="02/09/2011 19:19:30" />
    <file relUrl="Scripts/highslide/graphics/close.png" publishTime="05/28/2008 12:58:12" />
    <file relUrl="Views/Admin/Index.aspx" publishTime="03/26/2011 19:25:31" />
    <file relUrl="bin/Veritas.BusinessLayer.pdb" publishTime="04/04/2011 20:21:50" />
    <file relUrl="Views/Admin/Entries/Index.aspx" publishTime="03/27/2011 22:37:30" />
    <file relUrl="Views/Admin/Settings/EmailEdit.aspx" publishTime="03/29/2011 23:09:36" />
    <file relUrl="Scripts/highslide/graphics/zoomin.cur" publishTime="02/15/2006 14:00:34" />
    <file relUrl="Content/Themes/Default.css" publishTime="02/26/2011 17:24:17" />
    <file relUrl="Scripts/jquery-1.4.1-vsdoc.js" publishTime="06/16/2010 13:00:37" />
    <file relUrl="Views/Admin/Settings/SyndicationAndPublishingEdit.aspx" publishTime="03/29/2011 23:13:06" />
    <file relUrl="Views/Admin/Users/Index.aspx" publishTime="04/03/2011 22:18:10" />
    <file relUrl="Scripts/highslide/highslide-with-gallery.js" publishTime="07/07/2010 15:41:06" />
    <file relUrl="Scripts/highslide/graphics/controlbar-black-border.gif" publishTime="07/30/2008 16:27:50" />
    <file relUrl="Scripts/highslide/highslide-full.min.js" publishTime="07/07/2010 15:41:14" />
    <file relUrl="Views/Home/Contact.aspx" publishTime="02/13/2011 20:10:53" />
    <file relUrl="Scripts/highslide/highslide.min.js" publishTime="07/07/2010 15:41:06" />
    <file relUrl="Views/Home/Index.aspx" publishTime="02/17/2011 21:42:39" />
    <file relUrl="Scripts/highslide/graphics/controlbar-white-small.gif" publishTime="07/31/2008 11:53:16" />
    <file relUrl="Content/media/facebook_logo.png" publishTime="10/13/2009 01:04:11" />
    <file relUrl="Scripts/highslide/highslide-with-html.packed.js" publishTime="07/07/2010 15:41:10" />
    <file relUrl="Scripts/highslide/graphics/zoomout.cur" publishTime="02/15/2006 14:00:50" />
    <file relUrl="Views/Home/ViewContent.aspx" publishTime="03/24/2011 23:51:53" />
    <file relUrl="Content/Themes/Chrisrisner.css" publishTime="04/03/2011 23:50:23" />
    <file relUrl="Views/Admin/Roles/Index.aspx" publishTime="04/03/2011 20:48:39" />
    <file relUrl="Scripts/jquery.validate.min.js" publishTime="06/16/2010 13:00:38" />
    <file relUrl="Views/Admin/Categories/Index.aspx" publishTime="03/24/2011 21:30:17" />
    <file relUrl="bin/CookComputing.XmlRpcV2.DLL" publishTime="08/01/2008 09:42:46" />
    <file relUrl="Syndication/rss.aspx" publishTime="02/28/2011 23:12:23" />
    <file relUrl="Scripts/site.js" publishTime="02/20/2011 18:57:41" />
    <file relUrl="bin/System.Web.Mvc.xml" publishTime="02/17/2010 07:22:24" />
    <file relUrl="Scripts/jquery.validate-vsdoc.js" publishTime="06/16/2010 13:00:38" />
    <file relUrl="Views/Shared/Error.aspx" publishTime="02/13/2011 20:42:35" />
    <file relUrl="bin/Veritas.DataLayer.pdb" publishTime="04/03/2011 20:57:50" />
    <file relUrl="Access/MetaWeblogApi.ashx" publishTime="01/06/2011 21:39:54" />
    <file relUrl="Views/Admin/FeedbackAuthors/Details.aspx" publishTime="03/27/2011 19:44:29" />
    <file relUrl="Scripts/highslide/graphics/closeX.png" publishTime="11/13/2008 10:41:08" />
    <file relUrl="favicon.ico" publishTime="02/02/2011 19:57:24" />
    <file relUrl="Views/Web.config" publishTime="06/16/2010 13:00:38" />
    <file relUrl="Scripts/highslide/highslide-full.packed.js" publishTime="07/07/2010 15:41:12" />
    <file relUrl="Views/Admin/Entries/Edit.aspx" publishTime="03/27/2011 23:25:41" />
    <file relUrl="Content/Site.css" publishTime="02/07/2011 22:28:44" />
    <file relUrl="Scripts/highslide/highslide-full.js" publishTime="07/07/2010 15:41:12" />
    <file relUrl="Scripts/MicrosoftMvcValidation.js" publishTime="06/16/2010 13:00:38" />
    <file relUrl="Scripts/highslide/graphics/outlines/glossy-dark.png" publishTime="10/20/2008 09:09:30" />
    <file relUrl="Scripts/highslide/graphics/outlines/beveled.png" publishTime="10/20/2008 09:09:30" />
    <file relUrl="Scripts/highslide/graphics/controlbar-white.gif" publishTime="07/30/2008 16:43:06" />
    <file relUrl="Scripts/watermark/jquery.data.js" publishTime="12/03/2010 10:34:22" />
    <file relUrl="Content/media/twitter_logo.png" publishTime="10/13/2009 01:04:21" />
    <file relUrl="Views/Admin/Settings/MarketingEdit.aspx" publishTime="03/29/2011 23:13:06" />
    <file relUrl="Scripts/highslide/graphics/resize.gif" publishTime="09/16/2007 23:20:26" />
    <file relUrl="Scripts/highslide/graphics/outlines/rounded-black.png" publishTime="10/20/2008 09:09:30" />
    <file relUrl="Scripts/highslide/graphics/geckodimmer.png" publishTime="01/04/2008 10:58:48" />
    <file relUrl="Views/Admin/Settings/Index.aspx" publishTime="03/29/2011 21:34:39" />
    <file relUrl="Scripts/highslide/graphics/loader.gif" publishTime="09/02/2006 20:55:48" />
    <file relUrl="Views/Admin/FeedbackAuthors/Index.aspx" publishTime="03/27/2011 19:44:29" />
    <file relUrl="bin/Veritas.UI.Web.pdb" publishTime="04/04/2011 21:02:40" />
    <file relUrl="Scripts/watermark/jquery.watermark.min.js" publishTime="01/10/2011 10:25:28" />
    <file relUrl="Scripts/MicrosoftAjax.debug.js" publishTime="06/16/2010 13:00:38" />
    <file relUrl="Views/Admin/Categories/Edit.aspx" publishTime="03/24/2011 21:36:15" />
    <file relUrl="Views/Admin/Logs/Index.aspx" publishTime="03/29/2011 20:19:15" />
    <file relUrl="Scripts/highslide/highslide.css" publishTime="07/05/2010 15:01:02" />
    <file relUrl="Syndication/commentrss.aspx" publishTime="02/28/2011 23:12:18" />
    <file relUrl="Scripts/MicrosoftMvcAjax.debug.js" publishTime="06/16/2010 13:00:38" />
    <file relUrl="Syndication/prettyrss.xsl" publishTime="07/09/2009 22:24:00" />
    <file relUrl="Views/Admin/Feedbacks/Index.aspx" publishTime="03/27/2011 00:25:45" />
    <file relUrl="Scripts/jquery.validate.js" publishTime="06/16/2010 13:00:38" />
    <file relUrl="Scripts/highslide/graphics/controlbar-text-buttons.png" publishTime="03/23/2009 20:59:48" />
    <file relUrl="Views/UserControls/UcBlogEntry.ascx" publishTime="03/20/2011 20:02:43" />
    <file relUrl="Global.asax" publishTime="02/20/2011 21:58:59" />
    <file relUrl="Scripts/highslide/graphics/loader.white.gif" publishTime="12/08/2006 09:26:30" />
  </publishProfile>
</publishData>