<?xml version="1.0" encoding="UTF-8"?>
<DocSetNodes version="1.0">
    <TOC>
        <Node type="folder">
            <Name>WAToolkit</Name>
            <Path>index.html</Path>
			<Subnodes>
				
				<Node type="folder">
					<Name>Classes</Name>
					<Path>index.html</Path>
					<Subnodes>
						<NodeRef refid="1"/>
						<NodeRef refid="2"/>
						<NodeRef refid="3"/>
						<NodeRef refid="4"/>
						<NodeRef refid="5"/>
						<NodeRef refid="6"/>
						<NodeRef refid="7"/>
						<NodeRef refid="8"/>
						<NodeRef refid="9"/>
						<NodeRef refid="10"/>
						<NodeRef refid="11"/>
						<NodeRef refid="12"/>
						<NodeRef refid="13"/>
						<NodeRef refid="14"/>
						<NodeRef refid="15"/>
						
					</Subnodes>
				</Node>
				
				
				
				<Node type="folder">
					<Name>Protocols</Name>
					<Path>index.html</Path>
					<Subnodes>
						<NodeRef refid="16"/>
						<NodeRef refid="17"/>
						
					</Subnodes>
				</Node>
				
			</Subnodes>
        </Node>
    </TOC>
	<Library>
		<Node id="1">
			<Name>WAAuthenticationCredential</Name>
			<Path>Classes/WAAuthenticationCredential.html</Path>
		</Node>
		<Node id="2">
			<Name>WABlob</Name>
			<Path>Classes/WABlob.html</Path>
		</Node>
		<Node id="3">
			<Name>WABlobContainer</Name>
			<Path>Classes/WABlobContainer.html</Path>
		</Node>
		<Node id="4">
			<Name>WABlobContainerFetchRequest</Name>
			<Path>Classes/WABlobContainerFetchRequest.html</Path>
		</Node>
		<Node id="5">
			<Name>WABlobFetchRequest</Name>
			<Path>Classes/WABlobFetchRequest.html</Path>
		</Node>
		<Node id="6">
			<Name>WACloudAccessControlClient</Name>
			<Path>Classes/WACloudAccessControlClient.html</Path>
		</Node>
		<Node id="7">
			<Name>WACloudAccessToken</Name>
			<Path>Classes/WACloudAccessToken.html</Path>
		</Node>
		<Node id="8">
			<Name>WACloudStorageClient</Name>
			<Path>Classes/WACloudStorageClient.html</Path>
		</Node>
		<Node id="9">
			<Name>WAQueue</Name>
			<Path>Classes/WAQueue.html</Path>
		</Node>
		<Node id="10">
			<Name>WAQueueFetchRequest</Name>
			<Path>Classes/WAQueueFetchRequest.html</Path>
		</Node>
		<Node id="11">
			<Name>WAQueueMessage</Name>
			<Path>Classes/WAQueueMessage.html</Path>
		</Node>
		<Node id="12">
			<Name>WAQueueMessageFetchRequest</Name>
			<Path>Classes/WAQueueMessageFetchRequest.html</Path>
		</Node>
		<Node id="13">
			<Name>WAResultContinuation</Name>
			<Path>Classes/WAResultContinuation.html</Path>
		</Node>
		<Node id="14">
			<Name>WATableEntity</Name>
			<Path>Classes/WATableEntity.html</Path>
		</Node>
		<Node id="15">
			<Name>WATableFetchRequest</Name>
			<Path>Classes/WATableFetchRequest.html</Path>
		</Node>
		
		
		<Node id="16">
			<Name>WAAuthenticationDelegate</Name>
			<Path>Protocols/WAAuthenticationDelegate.html</Path>
		</Node>
		<Node id="17">
			<Name>WACloudStorageClientDelegate</Name>
			<Path>Protocols/WACloudStorageClientDelegate.html</Path>
		</Node>
		
	</Library>
</DocSetNodes>