<?xml version="1.0" encoding="UTF-8"?>
<Tokens version="1.0">
	<File path="Classes/WAQueueMessage.html">
		
		<Token>
			<TokenIdentifier>//apple_ref/occ/cl/WAQueueMessage</TokenIdentifier>
			<Abstract>A class that represents a message in a Windows Azure Queue.</Abstract>
			<DeclaredIn>WAQueueMessage.h</DeclaredIn>
			
			<NodeRef refid="11"/>
		</Token>
		
		
		<Token>
			<TokenIdentifier>//apple_ref/occ/instp/WAQueueMessage/messageId</TokenIdentifier>
			<Abstract>The identifier for the message in the queue.</Abstract>
			<DeclaredIn>WAQueueMessage.h</DeclaredIn>			
			
			<Declaration>@property (readonly) NSString *messageId</Declaration>
			
			
			<Anchor>//api/name/messageId</Anchor>
		</Token>
		
		<Token>
			<TokenIdentifier>//apple_ref/occ/instp/WAQueueMessage/insertionTime</TokenIdentifier>
			<Abstract>The time the message was inserted into the queue.</Abstract>
			<DeclaredIn>WAQueueMessage.h</DeclaredIn>			
			
			<Declaration>@property (readonly) NSString *insertionTime</Declaration>
			
			
			<Anchor>//api/name/insertionTime</Anchor>
		</Token>
		
		<Token>
			<TokenIdentifier>//apple_ref/occ/instp/WAQueueMessage/expirationTime</TokenIdentifier>
			<Abstract>The expieration time for the message in the queue.</Abstract>
			<DeclaredIn>WAQueueMessage.h</DeclaredIn>			
			
			<Declaration>@property (readonly) NSString *expirationTime</Declaration>
			
			
			<Anchor>//api/name/expirationTime</Anchor>
		</Token>
		
		<Token>
			<TokenIdentifier>//apple_ref/occ/instp/WAQueueMessage/popReceipt</TokenIdentifier>
			<Abstract>The message's pop receipt.
The pop receipt is an opaque value that indicates that the message has been retrieved and can be used to delete it.</Abstract>
			<DeclaredIn>WAQueueMessage.h</DeclaredIn>			
			
			<Declaration>@property (readonly) NSString *popReceipt</Declaration>
			
			
			<Anchor>//api/name/popReceipt</Anchor>
		</Token>
		
		<Token>
			<TokenIdentifier>//apple_ref/occ/instp/WAQueueMessage/timeNextVisible</TokenIdentifier>
			<Abstract>The time that the message will next be visible.
The property is updated when a message is retrieved from the queue. It indicates when a message will become visible again to other clients, if it is not first deleted by the client that retrieved it.</Abstract>
			<DeclaredIn>WAQueueMessage.h</DeclaredIn>			
			
			<Declaration>@property (readonly) NSString *timeNextVisible</Declaration>
			
			
			<Anchor>//api/name/timeNextVisible</Anchor>
		</Token>
		
		<Token>
			<TokenIdentifier>//apple_ref/occ/instp/WAQueueMessage/messageText</TokenIdentifier>
			<Abstract>The message text.</Abstract>
			<DeclaredIn>WAQueueMessage.h</DeclaredIn>			
			
			<Declaration>@property (copy) NSString *messageText</Declaration>
			
			
			<Anchor>//api/name/messageText</Anchor>
		</Token>
		
		<Token>
			<TokenIdentifier>//apple_ref/occ/instp/WAQueueMessage/dequeueCount</TokenIdentifier>
			<Abstract>The number of times this message has been dequeued.</Abstract>
			<DeclaredIn>WAQueueMessage.h</DeclaredIn>			
			
			<Declaration>@property (readonly) NSInteger dequeueCount</Declaration>
			
			
			<Anchor>//api/name/dequeueCount</Anchor>
		</Token>
		
		<Token>
			<TokenIdentifier>//apple_ref/occ/instm/WAQueueMessage/initQueueMessageWithMessageId:insertionTime:expirationTime:popReceipt:timeNextVisible:messageText:</TokenIdentifier>
			<Abstract>Initializes a newly created WAQueueMessage with an identifier, insertion time, experiation time, pop receipt, next visible time and message text.</Abstract>
			<DeclaredIn>WAQueueMessage.h</DeclaredIn>			
			
			<Declaration>- (id)initQueueMessageWithMessageId:(NSString *)messageId insertionTime:(NSString *)insertionTime expirationTime:(NSString *)expirationTime popReceipt:(NSString *)popReceipt timeNextVisible:(NSString *)timeNextVisible messageText:(NSString *)messageText</Declaration>
			<Parameters>
				<Parameter>
					<Name>messageId</Name>
					<Abstract>The message identifier.</Abstract>
				</Parameter><Parameter>
					<Name>insertionTime</Name>
					<Abstract>The insertion time for the message.</Abstract>
				</Parameter><Parameter>
					<Name>expirationTime</Name>
					<Abstract>The expiration time for the message.</Abstract>
				</Parameter><Parameter>
					<Name>popReceipt</Name>
					<Abstract>the pop receipt for the message.</Abstract>
				</Parameter><Parameter>
					<Name>timeNextVisible</Name>
					<Abstract>The next visible time for the message.</Abstract>
				</Parameter><Parameter>
					<Name>messageText</Name>
					<Abstract>The message text.</Abstract>
				</Parameter>
			</Parameters>
			<ReturnValue><Abstract>The newly initialized WAQueueMessage object.</Abstract></ReturnValue>
			<Anchor>//api/name/initQueueMessageWithMessageId:insertionTime:expirationTime:popReceipt:timeNextVisible:messageText:</Anchor>
		</Token>
		
		<Token>
			<TokenIdentifier>//apple_ref/occ/instm/WAQueueMessage/initQueueMessageWithMessageId:insertionTime:expirationTime:popReceipt:timeNextVisible:messageText:dequeueCount:</TokenIdentifier>
			<Abstract>Initializes a newly created WAQueueMessage with an identifier, insertion time, experiation time, pop receipt, next visible time and message text.</Abstract>
			<DeclaredIn>WAQueueMessage.h</DeclaredIn>			
			
			<Declaration>- (id)initQueueMessageWithMessageId:(NSString *)messageId insertionTime:(NSString *)insertionTime expirationTime:(NSString *)expirationTime popReceipt:(NSString *)popReceipt timeNextVisible:(NSString *)timeNextVisible messageText:(NSString *)messageText dequeueCount:(NSInteger)dequeueCount</Declaration>
			<Parameters>
				<Parameter>
					<Name>messageId</Name>
					<Abstract>The message identifier.</Abstract>
				</Parameter><Parameter>
					<Name>insertionTime</Name>
					<Abstract>The insertion time for the message.</Abstract>
				</Parameter><Parameter>
					<Name>expirationTime</Name>
					<Abstract>The expiration time for the message.</Abstract>
				</Parameter><Parameter>
					<Name>popReceipt</Name>
					<Abstract>the pop receipt for the message.</Abstract>
				</Parameter><Parameter>
					<Name>timeNextVisible</Name>
					<Abstract>The next visible time for the message.</Abstract>
				</Parameter><Parameter>
					<Name>messageText</Name>
					<Abstract>The message text.</Abstract>
				</Parameter><Parameter>
					<Name>dequeueCount</Name>
					<Abstract>The dequeue count.</Abstract>
				</Parameter>
			</Parameters>
			<ReturnValue><Abstract>The newly initialized WAQueueMessage object.</Abstract></ReturnValue>
			<Anchor>//api/name/initQueueMessageWithMessageId:insertionTime:expirationTime:popReceipt:timeNextVisible:messageText:dequeueCount:</Anchor>
		</Token>
		
	</File>
</Tokens>